{
  "cash": 10437215.0,
  "shares": 0,
  "avg_cost": null,
  "day_num": 10,
  "last_date": "2026-04-02",
  "pred_logreturns": [
    0.012024852103097509,
    4.788434037028852e-05,
    -0.0042827312848565755,
    -0.006124529433174825,
    0.006039664279087169,
    -0.004863455917249853,
    -0.0055742345902345,
    0.009589123445678,
    -0.004863455917249853,
    -0.004863455917249853
  ]
}