{
  "avg_vector_search_time": 0.013191075325012206,
  "avg_rerank_time": 0.026893138885498047,
  "avg_generation_time": 2.4215429258346557,
  "avg_total_time": 2.461627140045166
}